id,speed
0,47.11334
1,46.723312
2,35.608425
3,24.994514
4,33.793602
5,22.59431
6,15.49695
7,48.645107
8,47.346497
9,28.70171
10,27.808939
11,21.681103
12,22.872486
13,23.819393
14,24.934416
15,37.63278
16,42.68558
17,46.661556
18,49.01633
19,48.68823
20,47.175922
21,45.327003
22,22.336075
23,30.027372
24,28.695974
25,22.142729
26,22.646105
27,22.198326
28,18.263184
29,13.358163
30,26.798185
31,46.800064
32,48.43328
33,28.091164
34,25.125172
35,22.647144
36,19.948298
37,22.719282
38,45.304882
39,39.921997
40,44.02762
41,47.252365
42,48.638237
43,45.898643
44,20.549074
45,19.065208
46,18.978626
47,12.168997
48,44.336388
49,48.33568
50,48.177
51,26.603163
52,24.732079
53,21.784658
54,20.120016
55,18.707
56,17.40024
57,17.001001
58,29.60842
59,34.84904
60,42.020218
61,41.42979
62,41.76275
63,42.092777
64,43.06123
65,47.81481
66,47.862453
67,47.08925
68,43.972214
69,27.491531
70,27.537851
71,24.662064
72,20.394249
73,21.96623
74,18.115185
75,11.850153
76,45.700745
77,42.41642
78,44.58128
79,48.876476
80,14.461203
81,17.789038
82,25.672514
83,16.852581
84,16.74359
85,13.478034
86,21.31409
87,37.23457
88,44.941265
89,41.25114
90,50.084415
91,48.566986
92,47.889854
93,47.100323
94,27.248777
95,15.960626
96,24.611876
97,12.245274
98,10.862453
99,18.010431
100,40.156776
101,47.658737
102,15.749565
103,18.816858
104,15.332441
105,42.941444
106,37.58699
107,48.280098
108,44.93862
109,18.535278
110,9.870573
111,8.976249
112,19.608568
113,35.509842
114,37.362343
115,47.61557
116,48.020267
117,39.79367
118,21.193388
119,20.43224
120,20.286833
121,18.789633
122,32.00035
123,47.566364
124,47.501297
125,41.995785
126,40.87576
127,38.966797
128,40.231777
129,34.922466
130,48.48174
131,47.845036
132,47.44333
133,24.119198
134,22.022692
135,20.979555
136,39.23279
137,45.742363
138,49.213955
139,47.640285
140,46.809666
141,44.41245
142,25.102924
143,15.823303
144,21.95288
145,20.094038
146,21.000095
147,48.319225
148,49.299957
149,47.13207
150,47.616016
151,19.27936
152,18.75143
153,19.197931
154,9.69534
155,21.806719
156,37.49455
157,45.86402
158,40.693428
159,44.982506
160,47.967598
161,48.133724
162,47.82979
163,46.80657
164,45.307026
165,29.504423
166,16.905483
167,19.809454
168,17.826645
169,17.06754
170,10.501776
171,10.520733
172,43.23191
173,47.429924
174,45.366566
175,29.209473
176,20.29569
177,16.361383
178,17.843119
179,9.343046
180,42.329903
181,48.367256
182,48.94699
183,48.515594
184,41.32539
185,20.015736
186,18.749872
187,39.52084
188,32.81152
189,47.222126
190,42.950886
191,41.89452
192,38.545967
193,38.94621
194,37.247353
195,37.92626
196,39.12749
197,40.79779
198,38.64379
199,47.921635
200,45.820404
201,24.653168
202,26.526098
203,20.748322
204,19.27556
205,20.166418
206,39.53811
207,41.81677
208,48.625694
209,48.956062
210,47.91074
211,47.97693
212,25.071548
213,11.892695
214,20.354214
215,23.314295
216,17.849812
217,21.198952
218,45.2267
219,47.953217
220,46.823105
221,44.000713
222,24.810244
223,16.47426
224,10.1483555
225,22.098532
226,46.2605
227,48.01948
228,18.065063
229,25.738678
230,19.715014
231,18.656189
232,44.284817
233,47.97817
234,47.01247
235,19.436195
236,26.284988
237,21.07679
238,20.679567
239,44.102535
240,37.68738
241,41.122517
242,48.360046
243,48.551052
244,47.99422
245,48.57662
246,26.902004
247,19.587921
248,18.889307
249,20.197542
250,18.82083
251,30.701548
252,41.525597
253,33.15831
254,35.494957
255,46.79052
256,46.28257
257,45.653255
258,42.589676
259,38.3058
260,38.51533
261,35.61428
262,39.127594
263,43.38078
264,32.983383
265,40.441677
266,47.19213
267,44.34796
268,18.894064
269,22.504942
270,18.749336
271,18.603977
272,18.62541
273,14.018779
274,44.94564
275,47.4493
276,48.187336
277,47.71065
278,26.810999
279,14.7257185
280,18.199753
281,25.653437
282,22.10017
283,18.22494
284,11.937209
285,10.887955
286,48.42369
287,48.141407
288,14.836681
289,15.816633
290,15.232771
291,9.674959
292,9.268697
293,22.177841
294,46.505276
295,49.526203
296,48.75952
297,36.63358
298,25.555687
299,31.891796
300,26.512352
301,20.097801
302,22.882818
303,42.833363
304,42.12889
305,49.7567
306,49.17982
307,49.954052
308,46.624306
309,34.54269
310,24.39823
311,12.658039
312,43.567616
313,34.2087
314,37.230732
315,49.465916
316,46.497707
317,39.027714
318,33.16693
319,35.24437
320,45.062737
321,47.003807
322,46.26675
323,44.999863
324,45.250416
325,43.5794
326,43.9963
327,41.2563
328,41.85883
329,39.92072
330,39.41667
331,42.89828
332,43.20969
333,36.4824
334,33.276566
335,42.204323
336,48.24725
337,47.660492
338,15.8016
339,20.771149
340,22.247412
341,23.929123
342,45.02814
343,45.079136
344,48.217167
345,48.494774
346,47.176712
347,18.635077
348,39.668373
349,48.698215
350,47.930145
351,47.382774
352,27.250069
353,16.518078
354,27.345371
355,19.26389
356,19.672426
357,21.695248
358,38.04178
359,45.206104
360,45.33998
361,49.266525
362,17.103476
363,25.046917
364,19.286095
365,16.983498
366,12.83167
367,21.103287
368,44.189312
369,49.298244
370,48.198708
371,47.896645
372,47.955738
373,19.747547
374,20.515621
375,11.839854
376,20.734768
377,31.720627
378,37.475574
379,48.380074
380,27.428707
381,19.90062
382,15.032848
383,31.908876
384,47.131428
385,47.070686
386,46.13403
387,42.934372
388,40.69956
389,40.20274
390,39.874645
391,36.215076
392,47.709194
393,48.092247
394,47.364494
395,18.33582
396,20.994707
397,27.743393
398,23.259914
399,14.877865
400,12.111805
401,37.262367
402,40.656548
403,48.517723
404,47.576168
405,44.83926
406,31.404732
407,21.066288
408,21.739828
409,20.282724
410,17.476206
411,11.21847
412,44.00195
413,39.564274
414,44.233845
415,48.812237
416,48.050606
417,48.20098
418,48.11407
419,31.073833
420,18.954393
421,11.328716
422,44.05747
423,39.197384
424,48.623085
425,49.67494
426,45.834457
427,32.11614
428,26.498714
429,40.941246
430,43.421246
431,48.067284
432,47.067535
433,44.988625
434,30.140259
435,27.886923
436,24.805164
437,23.62337
438,48.045933
439,48.050922
440,48.474846
441,41.00632
442,35.84131
443,33.64688
444,31.169462
445,34.380795
446,33.77102
447,34.89045
448,46.870113
449,45.82702
450,42.859913
451,42.73358
452,42.853626
453,42.69623
454,41.92171
455,40.623497
456,39.36718
457,40.05248
458,47.175404
459,48.63381
460,36.738358
461,27.527412
462,29.52934
463,25.918447
464,32.530296
465,39.497585
466,48.299324
467,48.61954
468,47.119614
469,45.15935
470,20.579594
471,24.791943
472,26.79826
473,21.869162
474,14.919817
475,22.901564
476,47.656944
477,43.428566
478,29.542913
479,27.775095
480,25.416842
481,25.698408
482,20.23802
483,47.590336
484,47.798836
485,47.33583
486,32.493965
487,35.062042
488,29.181097
489,18.109138
490,14.60726
491,34.279015
492,42.35806
493,48.32415
494,48.854908
495,47.837776
496,27.992785
497,32.6914
498,42.217724
499,48.33954
500,48.793682
501,48.727997
502,48.26738
503,47.66777
504,33.068623
505,34.074165
506,27.275412
507,27.140202
508,25.486147
509,41.796547
510,46.38625
511,46.745354
512,44.99593
513,43.909904
514,43.77096
515,40.15343
516,42.008827
517,42.850456
518,47.73719
519,47.536713
520,19.882744
521,26.368145
522,19.773949
523,19.991493
524,14.842561
525,45.66996
526,49.158676
527,48.648476
528,47.42928
529,27.973837
530,19.471117
531,25.907747
532,21.066122
533,17.803673
534,14.717876
535,47.370514
536,29.729471
537,17.266829
538,17.464458
539,19.204409
540,13.51106
541,11.596817
542,45.894947
543,45.80218
544,47.90306
545,44.81527
546,13.713676
547,20.887646
548,20.85837
549,19.806166
550,15.453091
551,40.033203
552,42.852753
553,48.964577
554,48.397114
555,45.412056
556,29.350512
557,17.957891
558,22.857138
559,26.230536
560,20.943981
561,18.938852
562,19.336449
563,17.960047
564,14.274249
565,12.321382
566,44.197605
567,37.84987
568,40.775944
569,49.23585
570,48.87338
571,34.11115
572,43.551716
573,47.00629
574,47.245625
575,47.575775
576,46.28898
577,44.8873
578,41.256405
579,45.259068
580,44.37306
581,39.872734
582,48.301826
583,48.505127
584,15.791549
585,18.526712
586,23.608116
587,23.195097
588,19.852266
589,17.734753
590,18.666105
591,17.449526
592,46.196434
593,49.12357
594,49.13866
595,47.127556
596,44.984825
597,28.391167
598,23.885834
599,18.258566
600,13.479101
601,48.38779
602,47.561058
603,44.873695
604,13.710258
605,19.704603
606,37.79258
607,40.958076
608,49.619373
609,50.086784
610,48.822685
611,47.25894
612,44.68356
613,17.631914
614,24.865917
615,18.05233
616,16.51945
617,18.660425
618,12.732431
619,21.499104
620,40.641018
621,50.23652
622,49.078995
623,47.914467
624,45.27824
625,28.173508
626,18.61991
627,15.432218
628,17.235167
629,9.925966
630,21.158314
631,49.28874
632,47.928715
633,47.78728
634,43.464428
635,27.366833
636,23.477264
637,48.148464
638,48.361977
639,46.83608
640,41.2138
641,41.16489
642,41.523643
643,37.930984
644,33.097046
645,35.69233
646,33.861423
647,47.466785
648,47.77848
649,47.735504
650,43.51332
651,14.665895
652,16.984053
653,11.903558
654,21.647842
655,48.38649
656,49.03212
657,48.474903
658,47.720383
659,46.89309
660,42.69695
661,16.323647
662,22.950832
663,17.530872
664,17.568363
665,18.437565
666,16.709951
667,10.832873
668,44.069527
669,39.118706
670,45.225964
671,46.683464
672,43.941082
673,23.075888
674,18.424654
675,33.727207
676,49.52704
677,48.55371
678,47.301136
679,14.571354
680,23.81223
681,17.901114
682,19.483812
683,17.457222
684,44.718033
685,48.846386
686,48.39281
687,46.707016
688,44.423046
689,27.349611
690,16.887735
691,22.533379
692,17.092152
693,16.477829
694,49.184734
695,48.51239
696,42.125908
697,27.113329
698,25.947157
699,19.351397
700,19.429804
701,20.715359
702,42.02103
703,45.672142
704,47.85927
705,49.113983
706,46.16247
707,45.136677
708,42.462082
709,42.021282
710,40.012844
711,40.539135
712,40.101192
713,39.416916
714,33.260494
715,42.252094
716,34.229584
717,40.619186
718,47.265076
719,26.034472
720,14.779747
721,13.565881
722,10.945079
723,45.281483
724,44.893124
725,47.76845
726,47.21041
727,25.448685
728,16.348986
729,16.489183
730,12.441498
731,44.56085
732,47.815277
733,48.3702
734,43.82517
735,14.486021
736,15.061269
737,15.565071
738,14.885914
739,8.297975
740,36.307087
741,43.89597
742,47.85374
743,48.83445
744,48.652794
745,26.336407
746,16.088242
747,19.83351
748,19.154484
749,16.72106
750,17.410553
751,15.991098
752,42.81421
753,48.748596
754,48.828835
755,47.45001
756,46.75849
757,15.934241
758,18.046127
759,15.3748455
760,17.018705
761,9.862875
762,18.504438
763,44.71268
764,37.106228
765,41.58177
766,49.274387
767,49.089756
768,42.466118
769,25.177357
770,22.73793
771,21.219704
772,33.971928
773,47.02515
774,47.299454
775,47.156765
776,46.104893
777,45.441975
778,40.884544
779,37.638145
780,47.77219
781,47.689728
782,47.198746
783,14.494931
784,15.763568
785,16.540407
786,14.508623
787,15.997252
788,11.025614
789,23.595087
790,48.643856
791,48.67395
792,47.252857
793,47.983692
794,19.532913
795,21.525522
796,16.474031
797,12.143278
798,23.6413
799,46.92732
800,27.731482
801,13.680609
802,16.479662
803,13.420206
804,14.015158
805,11.617883
806,38.81782
807,45.445267
808,48.789993
809,47.979332
810,47.386795
811,47.072193
812,29.98553
813,16.140377
814,20.528494
815,20.248508
816,17.7093
817,43.746986
818,36.69424
819,49.673077
820,48.025772
821,32.24122
822,36.195465
823,26.288343
824,26.019878
825,26.343647
826,49.118774
827,47.947296
828,34.912064
829,33.26476
830,36.036034
831,30.487022
832,42.504456
833,36.830666
834,47.326275
835,47.560204
836,44.0613
837,42.6349
838,40.789936
839,39.615643
840,48.066833
841,48.864
842,48.151062
843,34.81697
844,25.651068
845,21.204542
846,31.866152
847,39.590626
848,47.963867
849,48.136932
850,47.25332
851,18.744076
852,25.292473
853,22.814236
854,20.37371
855,21.155502
856,18.954248
857,42.247795
858,46.163452
859,48.860226
860,48.17443
861,46.68949
862,13.65695
863,22.556082
864,19.823606
865,19.706932
866,25.944836
867,47.68004
868,41.381252
869,49.05215
870,47.356373
871,24.736462
872,21.4125
873,16.190702
874,44.989857
875,45.442924
876,49.23754
877,49.326523
878,48.431324
879,17.66968
880,13.4603405
881,12.220707
882,22.526617
883,47.649372
884,40.393177
885,48.82289
886,49.932148
887,49.235474
888,48.85744
889,49.14861
890,43.557117
891,28.035515
892,22.472021
893,23.751415
894,37.829884
895,48.265953
896,44.379036
897,42.799732
898,41.41088
899,39.527546
900,44.622528
901,47.442204
902,46.596733
903,26.10207
904,13.67448
905,17.060875
906,20.671118
907,18.665867
908,16.765236
909,15.20286
910,38.49376
911,44.73406
912,47.561695
913,46.78685
914,46.42936
915,24.493908
916,22.251068
917,16.293783
918,17.083538
919,14.045394
920,47.73729
921,48.638184
922,47.073566
923,13.557009
924,22.010239
925,20.939785
926,16.445814
927,17.033339
928,8.436653
929,8.561268
930,16.982681
931,33.554836
932,42.268642
933,47.47538
934,13.616869
935,14.655027
936,15.047613
937,12.649392
938,9.446276
939,18.6642
940,43.77458
941,48.396862
942,48.63965
943,48.165035
944,47.976048
945,30.05409
946,14.710752
947,21.47051
948,19.581696
949,14.189626
950,38.13725
951,48.62883
952,49.754967
953,46.433952
954,41.353985
955,27.99577
956,27.210503
957,18.162373
958,40.496086
959,33.312473
960,45.972378
961,48.21877
962,48.06198
963,45.799774
964,45.643673
965,43.950817
966,43.29747
967,43.30849
968,43.128605
969,42.52134
970,33.371796
971,33.5443
972,47.49295
973,14.56196
974,16.276983
975,21.453405
976,16.775541
977,15.5811825
978,15.379485
979,12.454286
980,11.668623
981,22.445173
982,44.68974
983,48.354225
984,49.15136
985,46.863804
986,22.139708
987,17.05576
988,15.384294
989,10.692448
990,35.751514
991,44.088787
992,49.666763
993,47.115097
994,46.9417
995,46.35713
996,27.793617
997,14.68779
998,15.713443
999,21.784464
1000,15.62906
1001,14.331364
1002,16.253458
1003,9.766023
1004,21.190615
1005,43.14907
1006,48.379807
1007,46.830734
1008,44.03685
1009,29.521261
1010,17.55528
1011,17.452778
1012,11.235993
1013,11.114885
1014,41.46882
1015,49.09783
1016,47.55961
1017,30.061804
1018,18.040562
1019,23.678457
1020,15.378733
1021,16.304913
1022,9.225581
1023,39.621517
1024,43.925194
1025,31.878748
1026,48.32293
1027,31.236475
1028,24.78829
1029,21.724005
1030,21.745573
1031,20.618418
1032,21.311792
1033,42.025158
1034,40.53675
1035,45.869152
1036,48.00509
1037,47.803528
1038,43.424854
1039,39.934708
1040,40.849937
1041,40.17974
1042,38.087463
1043,34.097046
1044,44.016987
1045,35.459953
1046,31.246082
1047,47.9206
1048,47.545986
1049,48.083847
1050,25.660534
1051,21.596304
1052,17.72952
1053,9.603334
1054,43.29641
1055,48.128433
1056,48.14407
1057,47.10075
1058,44.58891
1059,13.877608
1060,20.75361
1061,18.050423
1062,10.938525
1063,38.401752
1064,45.603603
1065,39.344234
1066,49.106865
1067,47.727417
1068,47.89188
1069,47.56436
1070,47.031487
1071,44.18017
1072,14.278052
1073,18.28811
1074,16.369965
1075,19.980747
1076,38.192783
1077,48.357647
1078,44.513588
1079,14.141222
1080,15.757684
1081,16.166248
1082,16.186396
1083,13.427386
1084,44.87962
1085,40.080463
1086,45.316807
1087,47.19912
1088,17.344099
1089,12.233101
1090,39.415657
1091,41.88324
1092,48.498966
1093,47.502563
1094,46.713543
1095,42.826546
1096,28.62968
1097,25.366032
1098,18.552286
1099,18.70331
1100,20.843193
1101,33.126987
1102,42.519962
1103,40.10149
1104,35.084946
1105,36.956306
1106,46.455788
1107,46.369785
1108,43.434498
1109,40.514645
1110,41.04059
1111,38.84893
1112,36.473392
1113,42.205246
1114,43.325294
1115,47.18195
1116,46.893745
1117,46.810555
1118,22.63716
1119,24.558874
1120,39.276157
1121,39.27138
1122,43.059837
1123,48.376617
1124,45.20998
1125,27.683947
1126,28.88519
1127,26.614983
1128,32.214592
1129,38.468884
1130,44.020245
1131,47.452076
1132,46.82586
1133,45.223877
1134,29.142744
1135,18.648363
1136,20.223972
1137,18.275694
1138,19.688864
1139,13.968637
1140,45.013092
1141,41.63611
1142,48.173374
1143,48.867104
1144,47.31802
1145,31.345388
1146,18.911814
1147,19.822886
1148,47.063194
1149,45.725456
1150,15.028108
1151,20.962849
1152,21.778563
1153,17.952343
1154,18.060955
1155,13.749195
1156,11.546877
1157,24.36227
1158,40.12147
1159,37.507465
1160,47.494038
1161,47.74239
1162,48.787476
1163,47.256847
1164,28.918938
1165,18.748224
1166,22.258276
1167,19.995613
1168,43.851883
1169,47.572075
1170,45.68333
1171,40.486126
1172,35.745453
1173,38.812252
1174,45.084362
1175,47.69461
1176,46.642036
1177,26.46087
1178,14.9157915
1179,18.66713
1180,16.632288
1181,16.545893
1182,12.285972
1183,44.97231
1184,44.15875
1185,47.78621
1186,47.033276
1187,46.519436
1188,26.058022
1189,19.094465
1190,17.710617
1191,19.179731
1192,36.714737
1193,44.658077
1194,48.067734
1195,47.40209
1196,46.659863
1197,44.294933
1198,26.708193
1199,42.95147
1200,48.629055
1201,47.559288
1202,45.82713
1203,17.416365
1204,23.126371
1205,18.984873
1206,17.163754
1207,10.926242
1208,23.59803
1209,36.353157
1210,47.109318
1211,45.29649
1212,18.104555
1213,17.579136
1214,16.842459
1215,14.707303
1216,48.04783
1217,48.175606
1218,47.647133
1219,41.158028
1220,25.220795
1221,20.048592
1222,17.031567
1223,22.921595
1224,20.389868
1225,20.606234
1226,18.405725
1227,40.118492
1228,35.016922
1229,35.465584
1230,48.110535
1231,47.45008
1232,39.153458
1233,40.089214
1234,40.23305
1235,46.45709
1236,14.132449
1237,17.629524
1238,15.286162
1239,14.178364
1240,22.329657
1241,44.928093
1242,41.729755
1243,43.99548
1244,48.24557
1245,47.61683
1246,16.14461
1247,23.45172
1248,22.6658
1249,13.228543
1250,45.414955
1251,49.16758
1252,47.331276
1253,47.257324
1254,22.520628
1255,14.955236
1256,16.176168
1257,38.482292
1258,47.86329
1259,46.412178
1260,46.614193
1261,44.91322
1262,27.352516
1263,22.67265
1264,18.87662
1265,19.099483
1266,17.070314
1267,17.782394
1268,20.622923
1269,47.722984
1270,48.035995
1271,48.75436
1272,43.906445
1273,13.913955
1274,16.761715
1275,16.74569
1276,17.869963
1277,11.242527
1278,18.51909
1279,37.44723
1280,43.9597
1281,36.29435
1282,47.600094
1283,47.15692
1284,45.902832
1285,27.963009
1286,27.024185
1287,22.82223
1288,17.795603
1289,15.184322
1290,33.482983
1291,46.488068
1292,45.883797
1293,45.066082
1294,39.186382
1295,41.067947
1296,34.709736
1297,31.343178
1298,42.029526
1299,47.699295
1300,47.42139
1301,44.46168
1302,22.109446
1303,11.5070305
1304,22.97435
1305,47.751503
1306,48.15674
1307,47.463654
1308,47.071903
1309,35.278263
1310,27.988869
1311,32.629475
1312,27.960438
1313,27.750715
1314,20.327536
1315,32.39184
1316,39.309444
1317,37.954742
1318,43.494843
1319,47.91265
1320,47.748234
1321,43.13821
1322,16.340862
1323,15.608307
1324,17.000029
1325,23.956842
1326,48.146896
1327,23.102312
1328,17.403072
1329,15.795113
1330,18.16873
1331,11.417381
1332,21.424576
1333,40.294662
1334,36.83011
1335,48.63745
1336,46.942764
1337,44.0109
1338,16.213161
1339,16.842064
1340,16.620089
1341,15.259796
1342,48.977547
1343,47.457813
1344,44.37256
1345,28.948994
1346,27.64615
1347,19.527882
1348,20.206789
1349,42.799625
1350,40.82206
1351,40.017273
1352,40.095104
1353,39.865635
1354,39.242264
1355,36.063957
1356,43.268024
1357,38.075546
1358,48.104046
1359,27.452084
1360,22.966362
1361,23.179352
1362,18.992659
1363,16.129866
1364,15.291323
1365,12.634832
1366,11.42622
1367,39.121338
1368,48.30656
1369,28.687078
1370,21.229656
1371,15.454172
1372,10.463611
1373,40.549892
1374,47.870182
1375,47.63714
1376,48.301647
1377,29.058119
1378,18.359606
1379,41.55341
1380,44.63187
1381,47.292
1382,17.282906
1383,9.857524
1384,38.25859
1385,43.84652
1386,41.95233
1387,48.378704
1388,49.623596
1389,45.829647
1390,14.851151
1391,18.62114
1392,25.55053
1393,17.807676
1394,18.231993
1395,14.890331
1396,45.054947
1397,48.345776
1398,47.847862
1399,47.61227
1400,20.477745
1401,21.228333
1402,46.854454
1403,45.54137
1404,45.858833
1405,43.9351
1406,42.067886
1407,41.954506
1408,42.071777
1409,38.62015
1410,43.561687
1411,43.74758
1412,47.791378
1413,47.609497
1414,12.2128725
1415,25.842766
1416,40.17144
1417,47.53918
1418,47.07921
1419,47.14955
1420,18.001064
1421,22.771526
1422,21.656862
1423,17.632318
1424,18.151825
1425,14.2167635
1426,12.372756
1427,24.500347
1428,42.113678
1429,47.81291
1430,47.994686
1431,47.5001
1432,46.869534
1433,43.897717
1434,21.626587
1435,17.542639
1436,18.214996
1437,20.645111
1438,14.319642
1439,23.865532
1440,38.344574
1441,44.75727
1442,48.036507
1443,47.593246
1444,44.87344
1445,24.548595
1446,15.602339
1447,43.820305
1448,46.971855
1449,45.50835
1450,28.030842
1451,13.618664
1452,16.468441
1453,18.017176
1454,10.893227
1455,31.35753
1456,35.55025
1457,49.05814
1458,49.111237
1459,47.09192
1460,27.197361
1461,22.180365
1462,21.866589
1463,35.983585
1464,45.243256
1465,47.808514
1466,47.534023
1467,46.680477
1468,43.66992
1469,41.828682
1470,41.113895
1471,41.09828
1472,48.17546
1473,47.254646
1474,13.921147
1475,17.312487
1476,17.45294
1477,11.406726
1478,38.953297
1479,40.285664
1480,48.627586
1481,47.911125
1482,47.290676
1483,26.638273
1484,23.154554
1485,21.36627
1486,17.641933
1487,15.307841
1488,13.578952
1489,10.746431
1490,20.873331
1491,37.10258
1492,48.16243
1493,47.727352
1494,47.250668
1495,42.19158
1496,17.825308
1497,16.582832
1498,14.490321
1499,9.413913
1500,19.562197
1501,35.4448
1502,44.038548
1503,48.444298
1504,46.498745
1505,43.94514
1506,13.938832
1507,17.521246
1508,19.68058
1509,17.057907
1510,14.143357
1511,11.689915
1512,10.198425
1513,37.094383
1514,43.913204
1515,37.059803
1516,44.744156
1517,21.291622
1518,9.827985
1519,38.432693
1520,35.393078
1521,47.775074
1522,46.85129
1523,26.077843
1524,17.778473
1525,19.965614
1526,18.484388
1527,18.08088
1528,38.80185
1529,32.147724
1530,44.818287
1531,46.63141
1532,38.516003
1533,39.934063
1534,44.16496
1535,44.072384
1536,36.88325
1537,48.714287
1538,48.158924
1539,49.019337
1540,48.243572
1541,45.649426
1542,30.768627
1543,27.95266
1544,28.869505
1545,27.153057
1546,26.231897
1547,39.739384
1548,47.60658
1549,48.51636
1550,47.710495
1551,43.07829
1552,24.464376
1553,21.133387
1554,17.014791
1555,14.745081
1556,9.660295
1557,22.18098
1558,37.198147
1559,47.926575
1560,48.570694
1561,47.703888
1562,46.917057
1563,14.26005
1564,21.726627
1565,11.044558
1566,9.482478
1567,21.99975
1568,44.338707
1569,48.227325
1570,22.65926
1571,23.728453
1572,20.200281
1573,17.163837
1574,11.07741
1575,21.981152
1576,43.42865
1577,39.574142
1578,47.98942
1579,47.997486
1580,46.68845
1581,43.692406
1582,24.210304
1583,21.824394
1584,17.221062
1585,9.996558
1586,39.4137
1587,43.76137
1588,30.201527
1589,37.641415
1590,48.278347
1591,48.301826
1592,47.300716
1593,42.32795
1594,28.413586
1595,23.847511
1596,15.310716
1597,29.916574
1598,41.526695
1599,33.044353
1600,47.32869
1601,47.4496
1602,46.24561
1603,45.472546
1604,43.662254
1605,41.80955
1606,42.496323
1607,39.63632
1608,35.86423
1609,47.629288
1610,48.17941
1611,47.796722
1612,46.89213
1613,18.046665
1614,16.481749
1615,18.024488
1616,17.171383
1617,38.043915
1618,43.056046
1619,47.605946
1620,48.152477
1621,47.36752
1622,47.517815
1623,47.209164
1624,44.081543
1625,27.016022
1626,16.140125
1627,21.867296
1628,22.010687
1629,15.141245
1630,11.310475
1631,48.325146
1632,48.562744
1633,46.840908
1634,48.00324
1635,46.958874
1636,44.819412
1637,15.798931
1638,22.651432
1639,22.628067
1640,16.552557
1641,10.8186655
1642,23.13675
1643,37.88237
1644,44.4055
1645,47.358883
1646,47.908226
1647,46.48463
1648,23.775335
1649,17.92843
1650,18.544447
1651,16.521002
1652,8.835667
1653,21.035965
1654,39.666344
1655,39.757053
1656,47.64601
1657,44.550068
1658,17.917324
1659,21.79904
1660,20.607985
1661,17.189415
1662,17.600437
1663,18.03816
1664,15.829003
1665,36.714573
1666,46.863117
1667,42.30703
1668,28.902967
1669,26.45819
1670,25.409094
1671,18.322004
1672,40.02349
1673,34.935013
1674,35.19308
1675,44.661106
1676,47.031097
1677,46.210716
1678,42.881016
1679,44.165913
1680,44.09268
1681,47.070053
1682,48.750988
1683,48.28736
1684,38.884743
1685,34.000828
1686,34.364964
1687,27.925991
1688,29.677042
1689,29.753595
1690,22.6245
1691,31.836475
1692,43.586372
1693,40.326206
1694,46.914974
1695,46.474438
1696,44.368214
1697,13.5648575
1698,18.563467
1699,17.095291
1700,43.16026
1701,46.4229
1702,28.319319
1703,13.337406
1704,15.550263
1705,19.626837
1706,20.01889
1707,12.633196
1708,24.083836
1709,40.81284
1710,42.812016
1711,48.589336
1712,48.474075
1713,45.154957
1714,22.282003
1715,18.047888
1716,17.35206
1717,12.756266
1718,44.350166
1719,42.591557
1720,47.738853
1721,47.16271
1722,45.39012
1723,28.957996
1724,20.602137
1725,20.717072
1726,38.082092
1727,43.763844
1728,48.539062
1729,40.8001
1730,21.50274
1731,20.03365
1732,42.01101
1733,47.16265
1734,47.59195
1735,46.353455
1736,44.467514
1737,42.752827
1738,41.606655
1739,41.81906
1740,40.78529
1741,41.551506
1742,35.768227
1743,43.493996
1744,37.194847
1745,44.042923
1746,16.372643
1747,17.13912
1748,20.778522
1749,37.250267
1750,40.1435
1751,47.25561
1752,47.5821
1753,16.77455
1754,23.801483
1755,15.478359
1756,15.296559
1757,36.977715
1758,47.890415
1759,47.99557
1760,48.054024
1761,47.896378
1762,43.338173
1763,17.974792
1764,16.016876
1765,17.008444
1766,20.606707
1767,48.90465
1768,47.87872
1769,46.7233
1770,24.445578
1771,18.295113
1772,13.417861
1773,48.841476
1774,48.31199
1775,47.996212
1776,47.06435
1777,46.301483
1778,12.87569
1779,17.09158
1780,16.634058
1781,15.410435
1782,19.633617
1783,38.85734
1784,43.73449
1785,47.6266
1786,42.05008
1787,28.545992
1788,22.528166
1789,18.521255
1790,18.647196
1791,23.010202
1792,22.618711
1793,20.65142
1794,40.684353
1795,38.41187
1796,37.04897
1797,45.720203
1798,47.67497
1799,48.060333
1800,45.737293
1801,42.98815
1802,44.167835
1803,41.539474
1804,41.260273
1805,40.59674
1806,35.900368
1807,41.413136
1808,42.415733
1809,46.324608
1810,47.39123
1811,46.868942
1812,47.08134
1813,42.474007
1814,14.366814
1815,19.159359
1816,19.125412
1817,15.387214
1818,21.502226
1819,38.286797
1820,41.440975
1821,47.269947
1822,45.97377
1823,13.439372
1824,15.790904
1825,21.221107
1826,18.53219
1827,19.021236
1828,20.114687
1829,43.758877
1830,38.701073
1831,48.711548
1832,46.67621
1833,43.34392
1834,29.06537
1835,17.596657
1836,21.8783
1837,23.28354
1838,17.933369
1839,17.163141
1840,18.77328
1841,36.507915
1842,38.675457
1843,43.33878
1844,23.032017
1845,18.938276
1846,19.46846
1847,11.60127
1848,41.51912
1849,47.565495
1850,46.723034
1851,44.74967
1852,19.6483
1853,20.545902
1854,16.207197
1855,16.63794
1856,14.865724
1857,39.313328
1858,34.584187
1859,48.813385
1860,47.30734
1861,27.464296
1862,25.848728
1863,21.449913
1864,20.40143
1865,47.640602
1866,47.922802
1867,46.755028
1868,43.829197
1869,44.377983
1870,39.877174
1871,37.072617
1872,42.80706
1873,35.604843
1874,47.388706
1875,47.38547
1876,47.165344
1877,45.026176
1878,21.934217
1879,17.90022
1880,10.294008
1881,48.30453
1882,48.566586
1883,46.66205
1884,47.047333
1885,16.24976
1886,21.036499
1887,16.9756
1888,15.314415
1889,15.450638
1890,48.01755
1891,16.93526
1892,23.013443
1893,22.549614
1894,16.239761
1895,9.073008
1896,47.75963
1897,48.47989
1898,17.402924
1899,16.820316
1900,10.747937
1901,22.194168
1902,37.498787
1903,49.44361
1904,45.23585
1905,17.322813
1906,19.014126
1907,17.541573
1908,16.00206
1909,10.829146
1910,19.574799
1911,48.752583
1912,47.309116
1913,27.92613
1914,24.427252
1915,25.963236
1916,20.861853
1917,20.655096
1918,27.389214
1919,39.514137
1920,38.576973
1921,46.921104
1922,44.65738
1923,38.687298
1924,39.582993
1925,40.24223
1926,41.798183
1927,43.187862
1928,43.21477
1929,47.429836
1930,28.239521
1931,15.27954
1932,18.826918
1933,16.68358
1934,16.518282
1935,16.147402
1936,45.04492
1937,41.267956
1938,43.810627
1939,47.40996
1940,46.82888
1941,44.26939
1942,28.244095
1943,14.189749
1944,24.568394
1945,22.403946
1946,15.444945
1947,22.87441
1948,43.389423
1949,41.965706
1950,49.10669
1951,47.23365
1952,45.790157
1953,28.88299
1954,16.840057
1955,19.197157
1956,17.849998
1957,15.060876
1958,10.9418335
1959,40.84605
1960,47.814514
1961,49.062466
1962,47.234924
1963,48.41135
1964,44.45649
1965,22.106237
1966,20.37945
1967,45.449253
1968,41.455284
1969,48.489902
1970,44.97026
1971,16.9459
1972,19.56833
1973,18.862953
1974,17.55426
1975,11.5640545
1976,21.75474
1977,39.348473
1978,47.64572
1979,47.656857
1980,48.794273
1981,46.782967
1982,42.027466
1983,27.794636
1984,25.185236
1985,22.6188
1986,20.796078
1987,20.548773
1988,37.761463
1989,43.991917
1990,47.45168
1991,47.32399
1992,46.548782
1993,44.380558
1994,41.621746
1995,41.42327
1996,40.733482
1997,40.1829
1998,47.88148
1999,27.82803
2000,18.411295
2001,19.243105
2002,18.024467
2003,13.986745
2004,22.378304
2005,43.84061
2006,43.065674
2007,47.748333
2008,12.709205
2009,14.944748
2010,21.169256
2011,15.387928
2012,10.289632
2013,14.981101
2014,21.77874
2015,16.255919
2016,19.057219
2017,12.929833
2018,35.190987
2019,38.13254
2020,42.886436
2021,48.043415
2022,47.772514
2023,47.65264
2024,22.378513
2025,18.523293
2026,17.877882
2027,15.515638
2028,12.17908
2029,43.60028
2030,33.71073
2031,39.927383
2032,47.854633
2033,44.7699
2034,20.572084
2035,16.098274
2036,14.554836
2037,15.488325
2038,10.918336
2039,48.43349
2040,48.172832
2041,49.032078
2042,27.782167
2043,25.937746
2044,21.14743
2045,22.51208
2046,41.523827
2047,39.07974
2048,35.220333
2049,41.193615
2050,38.04106
2051,42.641075
2052,35.496803
2053,46.89779
2054,47.06395
2055,43.147762
2056,16.46451
2057,21.99326
2058,19.575478
2059,16.30351
2060,19.8989
2061,14.946317
2062,11.560656
2063,46.97473
2064,47.565872
2065,46.00848
2066,16.45962
2067,21.238604
2068,16.103765
2069,19.08559
2070,11.179784
2071,34.93239
2072,40.31075
2073,44.511997
2074,48.70577
2075,26.26849
2076,13.032375
2077,18.183964
2078,16.384388
2079,17.960947
2080,20.874832
2081,36.756817
2082,48.29451
2083,46.137867
2084,43.64199
2085,13.087778
2086,20.783566
2087,17.930899
2088,19.395508
2089,43.77124
2090,41.439667
2091,47.698647
2092,47.62121
2093,47.875446
2094,43.614292
2095,17.181713
2096,21.090002
2097,17.42192
2098,16.58767
2099,14.66647
2100,10.921568
2101,38.53153
2102,46.6999
2103,48.294678
2104,46.716824
2105,46.127853
2106,28.369574
2107,25.788225
2108,25.00121
2109,26.08392
2110,20.420202
2111,20.337093
2112,19.472555
2113,35.456345
2114,45.376575
2115,48.099377
2116,47.254295
2117,43.501995
2118,43.741463
2119,40.421364
2120,41.132095
2121,39.296402
2122,43.58293
2123,42.60485
2124,36.835365
2125,35.84503
2126,47.856945
2127,46.888165
2128,45.99771
2129,45.66587
2130,44.07511
2131,15.715296
2132,20.743063
2133,16.526348
2134,15.9862795
2135,16.609894
2136,17.582954
2137,11.894982
2138,47.211815
2139,47.79648
2140,19.164719
2141,17.061567
2142,43.558193
2143,48.780506
2144,48.440495
2145,43.5269
2146,14.115392
2147,22.250425
2148,18.88791
2149,17.18102
2150,20.720427
2151,38.965343
2152,43.656494
2153,48.937336
2154,48.988678
2155,47.44907
2156,15.620617
2157,17.476324
2158,22.307053
2159,16.885782
2160,17.094532
2161,10.773426
2162,37.116936
2163,39.724586
2164,47.21604
2165,29.633356
2166,14.030629
2167,15.492712
2168,19.481373
2169,20.124992
2170,17.759527
2171,17.465405
2172,14.4981985
2173,9.908827
2174,43.40604
2175,33.84434
2176,37.51795
2177,48.116215
2178,48.361996
2179,48.989746
2180,22.949064
2181,19.63063
2182,20.461107
2183,21.423912
2184,20.416729
2185,30.231842
2186,39.37318
2187,37.822086
2188,46.972427
2189,47.360798
2190,47.80495
2191,47.460846
2192,47.03368
2193,46.301548
2194,43.569748
2195,43.848515
2196,40.18324
2197,39.3716
2198,40.443394
2199,40.606564
2200,39.01686
2201,44.719578
2202,48.074757
2203,47.077858
2204,47.049248
2205,15.359904
2206,18.069656
2207,11.728622
2208,40.421604
2209,42.7522
2210,46.449722
2211,44.180965
2212,22.885492
2213,17.389284
2214,17.249622
2215,17.219198
2216,10.825682
2217,21.569254
2218,45.468803
2219,47.744614
2220,48.252674
2221,47.56499
2222,46.86815
2223,44.736706
2224,15.315195
2225,17.867023
2226,16.832596
2227,17.567957
2228,11.639888
2229,10.84758
2230,18.511177
2231,44.96348
2232,47.531357
2233,49.410286
2234,48.877136
2235,47.86195
2236,45.08988
2237,15.0341015
2238,17.577553
2239,21.147638
2240,10.778944
2241,21.30238
2242,36.96709
2243,47.6183
2244,48.72503
2245,47.668285
2246,48.763718
2247,47.732433
2248,45.345448
2249,29.786184
2250,14.170828
2251,18.770634
2252,20.014019
2253,15.572323
2254,15.039035
2255,11.521653
2256,8.20593
2257,17.025965
2258,32.872406
2259,35.16231
2260,47.610577
2261,48.544395
2262,48.428448
2263,24.239113
2264,19.13003
2265,19.337194
2266,37.33932
2267,47.446156
2268,46.344036
2269,42.344955
2270,42.5788
2271,42.978554
2272,40.097645
2273,39.25403
2274,41.46169
2275,41.93959
2276,37.246094
2277,37.99819
2278,47.456947
2279,47.2717
2280,47.93492
2281,47.039158
2282,21.658745
2283,26.502037
2284,24.555826
2285,21.400337
2286,21.363176
2287,17.395058
2288,10.148023
2289,38.23592
2290,45.91985
2291,20.632917
2292,12.075037
2293,14.734201
2294,15.960479
2295,12.0092745
2296,11.420335
2297,42.059723
2298,38.536354
2299,47.797626
2300,46.601048
2301,21.380886
2302,18.265284
2303,17.037088
2304,18.549717
2305,11.54048
2306,10.395816
2307,40.023678
2308,44.60729
2309,48.503304
2310,46.134968
2311,47.96799
2312,47.54184
2313,45.16312
2314,27.005516
2315,48.349537
2316,48.95339
2317,47.195835
2318,24.117483
2319,15.357629
2320,20.757092
2321,19.637384
2322,14.988046
2323,7.98798
2324,19.895218
2325,37.169044
2326,47.384136
2327,48.384354
2328,48.21238
2329,47.569176
2330,47.139004
2331,41.369858
2332,25.613323
2333,22.832308
2334,17.663366
2335,18.99145
2336,17.45339
2337,40.79348
2338,35.51078
2339,37.56579
2340,47.58666
2341,41.004074
2342,41.12602
2343,41.0454
2344,40.23631
2345,45.115726
2346,47.783703
2347,48.4923
2348,12.731797
2349,25.897566
2350,22.256392
2351,19.145102
2352,24.011982
2353,41.85484
2354,47.002163
2355,47.606915
2356,46.426292
2357,43.287025
2358,15.588194
2359,20.985865
2360,17.613407
2361,16.244352
2362,18.331968
2363,11.789238
2364,10.53137
2365,34.87777
2366,48.273674
2367,48.269005
2368,46.980278
2369,44.92841
2370,21.924103
2371,15.164892
2372,35.800377
2373,44.442825
2374,48.113884
2375,47.252842
2376,12.507387
2377,22.49337
2378,18.049059
2379,16.551632
2380,10.258353
2381,35.912193
2382,42.374863
2383,47.3343
2384,47.171368
2385,45.356342
2386,13.604173
2387,19.491718
2388,16.212576
2389,33.707382
2390,47.360523
2391,47.186363
2392,46.63591
2393,24.324226
2394,22.5221
2395,15.822769
2396,16.788525
2397,16.053205
2398,46.28738
2399,46.5065
2400,47.3845
2401,41.656635
2402,41.01821
2403,41.630814
2404,40.18716
2405,35.513927
2406,43.861095
2407,43.86633
2408,36.09292
2409,47.72174
2410,47.03105
2411,23.590078
2412,16.466787
2413,22.30747
2414,17.601904
2415,19.113037
2416,11.801304
2417,40.166466
2418,48.09354
2419,47.03597
2420,22.331413
2421,21.541634
2422,48.11379
2423,46.46229
2424,14.038242
2425,17.107763
2426,18.732029
2427,17.53826
2428,16.288235
2429,17.012157
2430,9.569264
2431,8.472126
2432,45.43491
2433,48.310135
2434,47.228497
2435,23.751684
2436,16.450699
2437,22.348179
2438,23.966522
2439,15.932523
2440,14.863596
2441,43.934742
2442,48.49362
2443,48.259136
2444,46.8475
2445,44.26835
2446,16.602057
2447,22.388111
2448,22.11504
2449,16.477692
2450,13.002698
2451,19.698256
2452,48.72251
2453,42.49716
2454,29.425797
2455,25.461535
2456,20.627405
2457,39.68819
2458,32.96943
2459,47.90207
2460,46.95096
2461,37.999153
2462,39.45152
2463,39.429886
2464,36.669144
2465,35.03924
2466,42.258446
2467,43.145145
2468,45.023205
2469,47.92307
2470,48.48433
2471,47.799023
2472,47.25475
2473,37.095024
2474,31.052914
2475,34.962296
2476,39.45657
2477,28.156523
2478,27.337015
2479,21.471888
2480,20.957916
2481,44.269814
2482,44.083942
2483,47.448532
2484,48.130955
2485,47.81486
2486,47.40891
2487,30.879408
2488,35.257328
2489,33.171062
2490,26.940947
2491,28.659685
2492,30.102892
2493,22.445631
2494,44.59139
2495,39.076523
2496,48.6614
2497,47.773865
2498,47.59635
2499,46.355057
2500,44.316853
2501,18.445227
2502,16.00848
2503,17.221888
2504,8.435887
2505,19.633854
2506,43.174423
2507,48.746742
2508,48.675896
2509,47.584534
2510,45.756092
2511,13.921476
2512,18.437971
2513,16.22859
2514,14.3160515
2515,16.779995
2516,15.235539
2517,35.644035
2518,37.711414
2519,14.966857
2520,20.29745
2521,16.475163
2522,17.51172
2523,10.813723
2524,9.110799
2525,19.171488
2526,36.20373
2527,43.13422
2528,46.728443
2529,47.98409
2530,47.987244
2531,21.015528
2532,21.606653
2533,19.65657
2534,19.999123
2535,29.280521
2536,43.611515
2537,45.85186
2538,46.882114
2539,42.690784
2540,36.969296
2541,36.948776
2542,37.871067
2543,43.034348
2544,46.148544
2545,48.005352
2546,48.60211
2547,46.97409
2548,36.251144
2549,30.79352
2550,28.4683
2551,27.87506
2552,20.244694
2553,29.313663
2554,43.01445
2555,43.288036
2556,48.351013
2557,49.164448
2558,47.880863
2559,47.57058
2560,45.271526
2561,26.599512
2562,14.75876
2563,17.202116
2564,24.031858
2565,19.484245
2566,17.359657
2567,40.51905
2568,47.505157
2569,44.63805
2570,14.444911
2571,23.779873
2572,20.271246
2573,15.926204
2574,10.503272
2575,47.83474
2576,25.378538
2577,13.096963
2578,11.974513
2579,43.280396
2580,42.6208
2581,47.0861
2582,48.088593
2583,47.981255
2584,47.255318
2585,45.359413
2586,16.06392
2587,20.524773
2588,17.764933
2589,18.559917
2590,17.575846
2591,40.392918
2592,35.172523
2593,44.508408
2594,44.873318
2595,45.088524
2596,22.884296
2597,23.732763
2598,25.163136
2599,22.315876
2600,18.87357
2601,18.37571
2602,16.477945
2603,36.97858
2604,47.384167
2605,47.363136
2606,47.050034
2607,42.490257
2608,38.722004
2609,40.609806
2610,41.040394
2611,38.237278
2612,35.527534
2613,41.590034
2614,35.3818
2615,44.001686
2616,46.9798
2617,42.740173
2618,23.040186
2619,12.576765
2620,16.433887
2621,25.66108
2622,21.761309
2623,20.007101
2624,23.04735
2625,21.63501
2626,39.509544
2627,48.087666
2628,48.29627
2629,45.809742
2630,19.750492
2631,18.508614
2632,12.91676
2633,15.665521
2634,16.168516
2635,35.080124
2636,42.66548
2637,39.637894
2638,42.932
2639,47.705875
2640,48.253395
2641,47.245777
2642,23.046694
2643,15.378371
2644,19.981998
2645,15.45169
2646,17.366676
2647,16.649584
2648,7.4523315
2649,44.582302
2650,47.30642
2651,47.74321
2652,47.881573
2653,47.714493
2654,23.971754
2655,17.39116
2656,20.278473
2657,18.26065
2658,20.457073
2659,42.979214
2660,35.696213
2661,48.07959
2662,48.78994
2663,47.190144
2664,46.591965
2665,22.353424
2666,14.088698
2667,19.734924
2668,16.280785
2669,16.129494
2670,18.420694
2671,44.00419
2672,32.926434
2673,20.535412
2674,18.850914
2675,17.076769
2676,31.602781
2677,33.2012
2678,36.078266
2679,47.011707
2680,46.55763
2681,46.234447
2682,43.831245
2683,39.258076
2684,41.604565
2685,39.549133
2686,47.371387
2687,46.851032
2688,45.796143
2689,43.023323
2690,22.783705
2691,13.982663
2692,16.99637
2693,11.224329
2694,37.45841
2695,44.49495
2696,44.73613
2697,48.081978
2698,47.881084
2699,46.01818
2700,12.797516
2701,16.199427
2702,17.30472
2703,17.492016
2704,39.860783
2705,44.17913
2706,48.51216
2707,44.67235
2708,33.31612
2709,36.338257
2710,25.570225
2711,26.469408
2712,27.30213
2713,24.426226
2714,19.667318
2715,44.779346
2716,47.482952
2717,45.87814
2718,23.93517
2719,16.7438
2720,21.828161
2721,17.56926
2722,18.077642
2723,15.200855
2724,10.753307
2725,20.159197
2726,38.609776
2727,47.312412
2728,48.183956
2729,43.461567
2730,21.236732
2731,17.032652
2732,9.848881
2733,19.214367
2734,36.34134
2735,47.350845
2736,49.18472
2737,47.716026
2738,48.745525
2739,47.629463
2740,42.352657
2741,27.918768
2742,21.169657
2743,17.592665
2744,19.484756
2745,18.88225
2746,19.56539
2747,36.11015
2748,47.297646
2749,46.737404
2750,47.13437
2751,44.111393
2752,42.321274
2753,37.118195
2754,41.47665
2755,35.805008
2756,34.731537
2757,48.06293
2758,46.52601
2759,46.51743
2760,23.275822
2761,18.956554
2762,19.515694
2763,12.758889
2764,22.856497
2765,39.763336
2766,43.74221
2767,47.101624
2768,48.474735
2769,47.605682
2770,45.512005
2771,12.545542
2772,19.752333
2773,17.902725
2774,15.3435
2775,22.939363
2776,34.305447
2777,40.006832
2778,42.032764
2779,48.200882
2780,47.456623
2781,47.870964
2782,46.724186
2783,44.256348
2784,24.344645
2785,13.552258
2786,20.500101
2787,17.402607
2788,16.02464
2789,9.961679
2790,18.384308
2791,37.07785
2792,45.027042
2793,40.768864
2794,44.278492
2795,48.995228
2796,47.07323
2797,16.741503
2798,22.006973
2799,22.339834
2800,17.642458
2801,17.844662
2802,18.994156
2803,17.208107
2804,21.764282
2805,38.335377
2806,48.315327
2807,49.05212
2808,47.805153
2809,27.56944
2810,14.317011
2811,19.93768
2812,17.790735
2813,14.575569
2814,19.033373
2815,43.13902
2816,34.564728
2817,46.39318
2818,23.523222
2819,24.74202
2820,20.357412
2821,18.570395
2822,30.967022
2823,38.786297
2824,33.336655
2825,42.96495
2826,46.356373
2827,46.653492
2828,46.43144
2829,42.436012
2830,36.042694
2831,36.28984
2832,36.424854
2833,37.247322
2834,38.512905
2835,34.325005
2836,37.04104
2837,47.04582
2838,46.056465
2839,14.35301
2840,22.345665
2841,22.031483
2842,19.372307
2843,17.47975
2844,17.941374
2845,12.105421
2846,37.26732
2847,41.216663
2848,48.06921
2849,47.318134
2850,48.19933
2851,47.693043
2852,47.140144
2853,45.58651
2854,17.32681
2855,17.508385
2856,43.23077
2857,36.182526
2858,38.991367
2859,48.29209
2860,24.212523
2861,13.150698
2862,15.04709
2863,20.245283
2864,16.556593
2865,9.018687
2866,19.81761
2867,36.54939
2868,42.890476
2869,35.30348
2870,19.815828
2871,18.070435
2872,19.415592
2873,16.403906
2874,11.656638
2875,37.235104
2876,47.558205
2877,48.8065
2878,48.12348
2879,48.104694
2880,26.173313
2881,15.947147
2882,18.747349
2883,19.016922
2884,17.21142
2885,15.079612
2886,9.780461
2887,41.78576
2888,37.435856
2889,48.38348
2890,47.62512
2891,47.527134
2892,42.434185
2893,22.17006
2894,21.550667
2895,20.467194
2896,17.111992
2897,15.60287
2898,26.106958
2899,37.361603
2900,34.903637
2901,47.3054
2902,46.970757
2903,38.985695
2904,38.723053
2905,41.821716
2906,44.025597
2907,41.50097
2908,41.63516
2909,37.49967
2910,36.56193
2911,47.04846
2912,46.628105
2913,26.292723
2914,14.862132
2915,26.606556
2916,23.243855
2917,19.02832
2918,35.17122
2919,41.48906
2920,47.243168
2921,47.796295
2922,46.203243
2923,19.144686
2924,16.418558
2925,20.081614
2926,18.217323
2927,12.2828455
2928,10.2212925
2929,40.038464
2930,47.599026
2931,46.71889
2932,12.009829
2933,16.035225
2934,18.9084
2935,19.850094
2936,17.880238
2937,8.919945
2938,43.497295
2939,39.778053
2940,47.182625
2941,47.24006
2942,46.33851
2943,16.22653
2944,21.713688
2945,21.790901
2946,12.245754
2947,20.853916
2948,41.453606
2949,35.77029
2950,40.75806
2951,46.683674
2952,44.277817
2953,25.044598
2954,17.227394
2955,20.587175
2956,16.011103
2957,15.110008
2958,14.928836
2959,18.663649
2960,40.54072
2961,35.551094
2962,47.180603
2963,48.654896
2964,41.42436
2965,18.141325
2966,19.549206
2967,20.703934
2968,20.618116
2969,19.014526
2970,14.816972
2971,29.747412
2972,44.300697
2973,47.203598
2974,47.288773
2975,43.226982
2976,36.65096
2977,34.56907
2978,45.412487
2979,26.41008
2980,23.464752
2981,18.236803
2982,19.030668
2983,12.923898
2984,11.830094
2985,44.791714
2986,46.873055
2987,47.181046
2988,46.937405
2989,44.126358
2990,12.180691
2991,15.520393
2992,21.358126
2993,18.216696
2994,16.145243
2995,10.012324
2996,20.158504
2997,43.59982
2998,42.344776
2999,47.82256
3000,46.58666
3001,46.27201
3002,22.942902
3003,19.995186
3004,15.059843
3005,9.221998
3006,37.94384
3007,41.78844
3008,46.8359
3009,44.44165
3010,19.846737
3011,19.361979
3012,19.985846
3013,36.98322
3014,41.25915
3015,33.00918
3016,48.416798
3017,24.836302
3018,22.327068
3019,18.77852
3020,14.652686
3021,10.989999
3022,17.83209
3023,31.203358
3024,46.889347
3025,41.14393
3026,19.33558
3027,18.128548
3028,20.159948
3029,22.013557
3030,19.880241
3031,34.726467
3032,44.443188
3033,46.402508
3034,46.734184
3035,47.253246
3036,43.78066
3037,38.872166
3038,37.390915
3039,39.036507
3040,39.08031
3041,40.454185
3042,35.16094
3043,43.916077
3044,43.759373
3045,44.904278
3046,46.70615
3047,46.603214
3048,43.18868
3049,14.494781
3050,23.983828
3051,19.94203
3052,20.689606
3053,17.844152
3054,19.294743
3055,13.788446
3056,42.782078
3057,48.03447
3058,47.765156
3059,47.316673
3060,47.558678
3061,13.867774
3062,18.52593
3063,16.85562
3064,13.631199
3065,14.67676
3066,12.040436
3067,8.664894
3068,39.614788
3069,34.403126
3070,47.990337
3071,47.90112
3072,47.16445
3073,46.71632
3074,24.849634
3075,21.158146
3076,20.407934
3077,18.228537
3078,19.01616
3079,18.784327
3080,9.135663
3081,33.638977
3082,42.073933
3083,40.182728
3084,48.224392
3085,47.85372
3086,47.493004
3087,25.407446
3088,15.33237
3089,19.719744
3090,20.361742
3091,16.680504
3092,18.077335
3093,16.232885
3094,34.475964
3095,31.200129
3096,48.43569
3097,46.80693
3098,24.447317
3099,19.420198
3100,19.74098
3101,15.775306
3102,16.636475
3103,17.202639
3104,9.407913
3105,36.146107
3106,32.721344
3107,46.68808
3108,47.141773
3109,46.522213
3110,20.894547
3111,17.55651
3112,15.867686
3113,19.523191
3114,33.534134
3115,33.941032
3116,46.834953
3117,46.216873
3118,42.452225
3119,35.4185
3120,35.372406
3121,35.391327
3122,36.72112
3123,37.448956
3124,37.54402
3125,32.43365
3126,35.765453
3127,35.442028
3128,43.257423
3129,47.244114
3130,47.44241
3131,46.5927
3132,45.783077
3133,26.290777
3134,13.925762
3135,15.225581
3136,19.882267
3137,18.59102
3138,11.284858
3139,7.3154945
3140,47.2818
3141,22.580832
3142,18.671173
3143,17.767063
3144,12.041679
3145,9.102101
3146,46.961678
3147,47.625263
3148,45.523964
3149,43.696148
3150,12.767787
3151,10.581419
3152,37.409508
3153,44.949318
3154,47.4173
3155,46.718296
3156,12.023602
3157,21.247501
3158,17.503372
3159,18.373777
3160,16.191717
3161,46.435806
3162,44.369545
3163,25.212988
3164,13.252884
3165,20.05273
3166,16.203869
3167,16.468628
3168,16.138466
3169,8.977266
3170,19.295307
3171,30.657784
3172,47.50344
3173,46.97962
3174,47.068394
3175,21.32968
3176,18.559654
3177,17.673386
3178,17.609007
3179,16.02111
3180,16.67224
3181,16.649693
3182,14.737302
3183,40.913048
3184,32.921326
3185,32.795372
3186,44.092876
3187,47.29446
3188,45.82142
3189,46.971916
3190,45.59869
3191,42.223396
3192,38.23894
3193,39.80448
3194,40.438107
3195,39.330868
3196,44.289085
3197,46.701046
3198,46.933346
3199,46.310795
3200,47.30196
3201,44.75041
3202,26.303621
3203,15.456492
3204,22.859545
3205,13.937278
3206,11.068245
3207,37.50518
3208,43.41663
3209,38.672543
3210,47.478268
3211,47.143482
3212,47.03048
3213,45.807663
3214,42.762592
3215,13.627897
3216,20.85488
3217,16.65027
3218,36.83567
3219,38.65542
3220,42.003296
3221,48.293575
3222,47.503468
3223,47.382725
3224,19.73716
3225,22.290703
3226,19.185453
3227,10.690281
3228,37.769047
3229,37.938507
3230,42.339878
3231,47.99657
3232,46.877453
3233,47.470737
3234,46.43689
3235,19.84734
3236,17.082838
3237,15.132288
3238,16.18468
3239,9.51099
3240,17.686802
3241,40.989357
3242,46.581383
3243,46.085373
3244,22.33478
3245,11.635787
3246,15.006656
3247,22.364391
3248,23.082203
3249,17.325466
3250,15.872591
3251,14.605371
3252,18.37525
3253,36.213398
3254,30.75187
3255,34.117634
3256,47.897346
3257,47.474575
3258,21.401518
3259,21.039059
3260,17.157043
3261,17.710014
3262,39.139854
3263,35.03696
3264,32.876476
3265,43.71988
3266,46.243385
3267,36.17156
3268,37.60515
3269,39.500698
3270,37.190292
3271,35.197975
3272,44.257652
3273,48.11276
3274,46.307465
3275,15.665184
3276,23.10161
3277,18.98628
3278,11.498352
3279,21.881594
3280,40.494354
3281,47.073
3282,48.178135
3283,46.769985
3284,24.971218
3285,23.620245
3286,18.0279
3287,17.317009
3288,14.931003
3289,17.366194
3290,13.285765
3291,10.435208
3292,36.609024
3293,44.081512
3294,39.24443
3295,41.402763
3296,46.550507
3297,47.72443
3298,44.151485
3299,24.578836
3300,17.567894
3301,16.892014
3302,48.351223
3303,46.84344
3304,47.63603
3305,47.0027
3306,24.52403
3307,13.425892
3308,16.801088
3309,16.788088
3310,17.469162
3311,10.404743
3312,14.396924
3313,32.80644
3314,46.732674
3315,47.624092
3316,46.471767
3317,44.418217
3318,21.478975
3319,12.508062
3320,14.874286
3321,21.548838
3322,21.862123
3323,18.351097
3324,17.324272
3325,13.514654
3326,9.882591
3327,17.957943
3328,36.62635
3329,42.615314
3330,47.69946
3331,46.811806
3332,21.235569
3333,21.611462
3334,44.426857
3335,46.97307
3336,47.60769
3337,46.26997
3338,42.491096
3339,40.374866
3340,41.634323
3341,39.96557
3342,38.37121
3343,42.395386
3344,29.514193
3345,41.867184
3346,46.579113
3347,47.049923
3348,45.70705
3349,43.49796
3350,22.501623
3351,13.305747
3352,18.241367
3353,16.570251
3354,13.910762
3355,22.349554
3356,35.914745
3357,43.430996
3358,46.76988
3359,47.291195
3360,22.577118
3361,20.566137
3362,20.772488
3363,16.52413
3364,12.909678
3365,19.60223
3366,38.503845
3367,46.770447
3368,44.024593
3369,23.41144
3370,15.7715435
3371,34.124054
3372,40.464386
3373,46.973637
3374,48.669865
3375,47.50992
3376,46.8954
3377,25.714197
3378,13.536873
3379,16.280083
3380,20.721085
3381,16.911354
3382,17.252281
3383,16.225822
3384,9.2838955
3385,16.526508
3386,30.386972
3387,45.77237
3388,26.404324
3389,22.18453
3390,9.804482
3391,16.240438
3392,30.544632
3393,46.48104
3394,47.81993
3395,47.732914
3396,46.6395
3397,22.392376
3398,22.431086
3399,19.526373
3400,19.050411
3401,20.048275
3402,19.0813
3403,18.53805
3404,25.690723
3405,43.870537
3406,46.6307
3407,46.79617
3408,46.043713
3409,45.507652
3410,41.14963
3411,36.899117
3412,35.765606
3413,37.665695
3414,33.512165
3415,46.39892
3416,44.249218
3417,15.186888
3418,23.246187
3419,20.02823
3420,18.467352
3421,12.101373
3422,11.200235
3423,37.37933
3424,47.581547
3425,47.868294
3426,46.876602
3427,44.975468
3428,28.471571
3429,30.878386
3430,25.264133
3431,24.399643
3432,23.683731
3433,18.300158
3434,17.451374
3435,31.208612
3436,42.757294
3437,46.260418
3438,47.079563
3439,47.22615
3440,47.200104
3441,34.669147
3442,28.515606
3443,26.86825
3444,21.131355
3445,19.862015
3446,31.462307
3447,40.634514
3448,48.15268
3449,47.01148
3450,47.812767
3451,46.930176
3452,45.263462
3453,32.994762
3454,25.265226
3455,19.141685
3456,18.596416
3457,16.546225
3458,10.475226
3459,42.601997
3460,47.200012
3461,46.829224
3462,46.35971
3463,45.670567
3464,15.006874
3465,15.194683
3466,17.849363
3467,19.303366
3468,10.584331
3469,32.245434
3470,48.01145
3471,43.79089
3472,22.801239
3473,20.434988
3474,22.485916
3475,24.327768
3476,34.50484
3477,38.012306
3478,32.73204
3479,43.362274
3480,44.63458
3481,45.583508
3482,46.093906
3483,45.594612
3484,44.952637
3485,42.764
3486,40.21717
3487,41.361053
3488,40.287003
3489,40.220413
3490,38.65785
3491,43.943035
3492,41.123604
3493,47.2697
3494,46.823
3495,45.303425
3496,24.34046
3497,19.531475
3498,17.059502
3499,12.166792
3500,20.94293
3501,43.24539
3502,38.01301
3503,40.596657
